<?xml version="1.0" encoding="UTF-8"?>

<!--

    Copyright (c) 2017-today MuK IT GmbH.

    This file is part of MuK Grid Snippets
    (see https://mukit.at).

    This program is free software: you can redistribute it and/or modify
    it under the terms of the GNU Lesser General Public License as published by
    the Free Software Foundation, either version 3 of the License, or
    (at your option) any later version.

    This program is distributed in the hope that it will be useful,
    but WITHOUT ANY WARRANTY; without even the implied warranty of
    MERCHANTABILITY or FITNESS FOR A PARTICULAR PURPOSE.  See the
    GNU Lesser General Public License for more details.

    You should have received a copy of the GNU Lesser General Public License
    along with this program. If not, see <http://www.gnu.org/licenses/>.

  -->

<templates id="template" xml:space="preserve">

    <t t-extend="web.DropdownMenu">
		<t t-jquery="button" t-operation="inner">
	        <span t-att-class="widget.dropdownIcon"/> 
	        <span class="mk_dropdown_text"><t t-esc="widget.dropdownTitle"/></span>
	        <span t-if="widget.dropdownSymbol" t-att-class="widget.dropdownSymbol"/>
	    </t>
    </t>
    
</templates>